timestamp,time_to_first_audio_ms,time_to_first_transcript_ms,audio_chunks_received,total_audio_duration_s,user_transcript,assistant_transcript,chat_metadata,first_audio_message_id
2026-02-04T16:46:36.218155,1825,1780,2,5.34,Can you tell me a short sentence?,"I'm Elara, Alstom's Innovation Guide, and I'm thrilled to lead you on a journey through the future of rail! What aspect of mobility's future excites you most today?","{""chat_group_id"": ""be3530d2-1554-4dad-b921-edde2165a6c3"", ""chat_id"": ""7143ae5b-804d-40ec-a0d4-81637968eef4"", ""request_id"": ""e4cf5693-b307-4970-a205-7fd09ea24b4c786963"", ""type"": ""chat_metadata""}",b16ad90d-b6e5-4978-9697-3fd491f9e1a8
2026-02-04T16:46:50.967683,1984,1647,2,5.34,Can you tell me a short sentence?,"Welcome! I'm Elara, your guide to Alstom's innovations in rail. What excites you most about the future of mobility? Ready to see how we're making it a reality?","{""chat_group_id"": ""ce642e10-235d-4db8-875c-edf35362046c"", ""chat_id"": ""75025beb-6d66-4451-8172-672d1bfe21ae"", ""request_id"": ""e4cf5693-b307-4970-a205-7fd09ea24b4c787002"", ""type"": ""chat_metadata""}",e70bba12-4e51-43f8-9c6c-2c7eb1152fe3
2026-02-04T16:47:03.295838,1632,1510,2,5.34,Can you tell me a short sentence?,"I'm Elara, Alstom's Innovation Guide, ready to explore the future of mobility with you! What sparks your curiosity most about tomorrow's journeys?","{""chat_group_id"": ""67c6c57c-f630-4f51-9746-e0927aac8c8d"", ""chat_id"": ""24c07d7d-d171-469f-a39c-374ee62fedad"", ""request_id"": ""e4cf5693-b307-4970-a205-7fd09ea24b4c787033"", ""type"": ""chat_metadata""}",a94cf286-7d50-4e30-9301-a93bc2da2208
2026-02-04T16:47:15.043605,1762,1728,2,5.34,Can you tell me a short sentence?,"Welcome! I'm Elara, your guide to Alstom's innovations. What excites you most – smarter technology, greener solutions, or the passenger experience? Let me show you something amazing.","{""chat_group_id"": ""d3aa05f8-286c-4d45-bc0b-362e525e106d"", ""chat_id"": ""2b34b00a-7441-4eed-a9be-0d3d581904bf"", ""request_id"": ""ad10dd04-b077-42df-bbaa-781bb967faff807180"", ""type"": ""chat_metadata""}",9697dd42-775b-4e78-8fbb-f1532248ce8a
2026-02-04T16:47:25.721109,1767,1733,2,5.34,Can you tell me a short sentence?,"Welcome! I'm Elara, your guide to Alstom's innovations. What excites you most about the future of mobility—smarter technology, greener solutions, or the passenger experience? Let's discover something amazing together!","{""chat_group_id"": ""322d0ab3-4d4d-4682-9db3-2738485ef3ab"", ""chat_id"": ""fd556b87-319b-46e9-9cd8-83008f08694b"", ""request_id"": ""e4cf5693-b307-4970-a205-7fd09ea24b4c787110"", ""type"": ""chat_metadata""}",3870c01f-f89c-4177-928e-f021cfad5995
2026-02-04T16:47:38.735202,4366,4323,2,5.34,Can you tell me a short sentence?,"I'm Elara, your guide to Alstom's innovations. I'm excited to explore the future of mobility with you! What aspect of rail travel matters most to you?","{""chat_group_id"": ""526709a2-80c6-478c-bffa-6be37f1b531d"", ""chat_id"": ""3d5f5dbb-e893-4c64-924e-b681b2020d67"", ""request_id"": ""ad10dd04-b077-42df-bbaa-781bb967faff807267"", ""type"": ""chat_metadata""}",fbf44685-df4f-4e07-97d3-95e2f11ef544
2026-02-04T16:47:49.486176,1609,1574,2,5.34,Can you tell me a short sentence?,"I'm Elara, your guide to Alstom's innovations! I'm here to take you on a journey through the future of mobility. What excites you most about what's coming next?","{""chat_group_id"": ""8b48ec6b-c728-4558-a893-84256427cbc6"", ""chat_id"": ""ae74f8e2-2d91-4882-a799-6adcc6461a2e"", ""request_id"": ""e4cf5693-b307-4970-a205-7fd09ea24b4c787216"", ""type"": ""chat_metadata""}",ce77db5c-4d78-4435-8147-abfd3fe4ca1e
2026-02-04T16:48:01.207763,1680,1651,2,5.34,Can you tell me a short sentence?,"Welcome! I'm Elara, your guide to Alstom's innovations. What excites you most about the future of mobility—smarter technology, greener solutions, or the passenger experience? Let me show you something amazing.","{""chat_group_id"": ""5038ead7-fe81-4786-9e9a-dd3ae4777204"", ""chat_id"": ""f2bd18fc-1d5c-48e8-91c4-7a3d6ecbd46a"", ""request_id"": ""e4cf5693-b307-4970-a205-7fd09ea24b4c787282"", ""type"": ""chat_metadata""}",e286fbf6-5c7c-4adb-bc41-17da8e6b9b9c
2026-02-04T16:48:12.366797,1981,1948,2,5.34,Can you tell me a short sentence?,"Welcome! I'm Elara, your guide to Alstom's innovations. What excites you most about the future of mobility—smarter technology, greener solutions, or the passenger experience? Ready to discover what's possible?","{""chat_group_id"": ""03d24774-008b-4008-af42-749e542b3549"", ""chat_id"": ""56f430b3-382a-45ef-badb-891018ea1536"", ""request_id"": ""ad10dd04-b077-42df-bbaa-781bb967faff807414"", ""type"": ""chat_metadata""}",2cc14603-c7f5-4b17-b1e2-392909503eab
2026-02-04T16:48:22.620568,1327,1287,2,5.34,Can you tell me a short sentence?,"I'm Elara, your guide to Alstom's innovations. I'm excited to explore the future of mobility with you! What aspect of rail travel matters most to you?","{""chat_group_id"": ""153d16ba-be0c-4cc4-9395-7eadd1393841"", ""chat_id"": ""5b436930-cea7-4205-872b-66c6a16a866b"", ""request_id"": ""e4cf5693-b307-4970-a205-7fd09ea24b4c787381"", ""type"": ""chat_metadata""}",164cd322-8626-40fa-856a-300d53259413
2026-02-04T16:48:33.467624,1978,1942,2,5.34,Can you tell me a short sentence?,"Welcome! I'm Elara, your guide to Alstom's innovations. What excites you most about the future of mobility—smarter technology, greener solutions, or the passenger experience? Let me show you something amazing.","{""chat_group_id"": ""9968e7e7-4683-429c-a8d4-8fcad34aadc8"", ""chat_id"": ""0be19485-73cc-4e1b-af66-50c581a850d1"", ""request_id"": ""ad10dd04-b077-42df-bbaa-781bb967faff807521"", ""type"": ""chat_metadata""}",aa32196e-3b3f-4f18-ac11-11a1b2ebab63
2026-02-04T17:14:25.871667,1728,1687,2,5.34,Can you tell me a short sentence?,"I'm Elara, Alstom's Innovation Guide, ready to explore the future of rail with you! What excites you most about mobility's future?","{""chat_group_id"": ""45d314ec-5f20-4c84-a40a-b639fcc5fb66"", ""chat_id"": ""d8545e7c-74d9-40b4-9599-c9edb733543e"", ""request_id"": ""e4cf5693-b307-4970-a205-7fd09ea24b4c795186"", ""type"": ""chat_metadata""}",418d9550-73be-4da8-a4d3-0f1a5c2bea39
2026-02-04T17:14:38.749850,1679,1644,2,5.34,Can you tell me a short sentence?,"Welcome! I'm Elara, your guide to Alstom's innovations. What excites you most about the future of mobility—smarter technology, greener solutions, or the passenger experience? Let me show you something amazing.","{""chat_group_id"": ""557e6ae4-93ff-4590-91cf-5994b6680b5f"", ""chat_id"": ""bf5d38b0-e94b-45d8-bc14-87f750cf3a13"", ""request_id"": ""ad10dd04-b077-42df-bbaa-781bb967faff816951"", ""type"": ""chat_metadata""}",11185443-173f-4acc-a0e1-2cd5a1ff672c
2026-02-04T17:14:49.826025,1950,1895,2,5.34,Can you tell me a short sentence?,"I can! But first, what excites you most about the future of mobility? I'm Elara, your guide to Alstom's innovations, and I'm ready to show you something truly amazing!","{""chat_group_id"": ""5992672e-8159-4a80-9393-28f614c8cac2"", ""chat_id"": ""5d1ba736-451e-4944-89c7-189afef5e425"", ""request_id"": ""ad10dd04-b077-42df-bbaa-781bb967faff817030"", ""type"": ""chat_metadata""}",3e4eae2d-9d4c-4dcb-b151-c56d1c8b45b1
2026-02-04T17:15:04.715878,2631,2587,2,5.34,Can you tell me a short sentence?,"Hello there! I'm Elara, your Alstom Innovation Guide. I'm excited to explore the future of rail with you! What part of mobility's future sparks your curiosity the most?","{""chat_group_id"": ""9ffd5f06-55a0-459e-80e3-89010f0f50c8"", ""chat_id"": ""c0ee5a68-6d51-4cf9-95a0-dd110c77c183"", ""request_id"": ""ad10dd04-b077-42df-bbaa-781bb967faff817099"", ""type"": ""chat_metadata""}",f1d35520-2bc6-4aae-becb-71dbc7e34cb1
2026-02-04T17:15:15.138050,1422,1365,2,5.34,Can you tell me a short sentence?,"I'm Elara, your Alstom Innovation Guide! What part of the future of mobility excites you most? Shall we explore smarter trains or greener journeys first?","{""chat_group_id"": ""40845cba-7b14-4a66-a150-373da4b105d4"", ""chat_id"": ""75a0f02f-9a3d-419e-8696-d219f610f75a"", ""request_id"": ""e4cf5693-b307-4970-a205-7fd09ea24b4c795447"", ""type"": ""chat_metadata""}",e69fa3fb-caa7-4db0-9e81-0c1c06915d75
2026-02-04T17:15:25.381437,1707,1664,2,5.34,Can you tell me a short sentence?,"Welcome! I'm Elara, your guide to Alstom's innovations. What excites you most about the future of mobility—smarter technology, greener solutions, or the passenger experience? Ready to discover what's possible?","{""chat_group_id"": ""6132478f-7a78-4f01-a86a-90a0297c2bd1"", ""chat_id"": ""01d17da0-81be-4722-b85c-ae1818d0a68c"", ""request_id"": ""ad10dd04-b077-42df-bbaa-781bb967faff817182"", ""type"": ""chat_metadata""}",75f8cb88-ef3b-4c9f-917b-aa8a40f87f71
